institution_id,institution_name,country_name,latitude,longitude,research_level
392282,"University at Albany, State University of New York (US)",United States,42.65258,-73.75623,R1
430192,Appalachian State University (US),United States,36.21679,-81.67455,R2
430641,United States Air Force Academy (US),United States,38.83388,-104.82136,
592451,Indiana University (US),United States,39.16533,-86.52639,
1174212,University of Southern California (US),United States,34.05223,-118.24368,R1
1629065,Central Michigan University (US),United States,43.59781,-84.76751,R2
1743320,Palo Alto University (US),United States,37.44188,-122.14302,
1925986,Loyola University Chicago (US),United States,41.85003,-87.65005,R1
2613432,University of South Florida (US),United States,27.94752,-82.45843,R1
4179309,Park University (US),United States,39.195,-94.68218,
4322298,Towson University (US),United States,39.4015,-76.60191,D/PU
4777552,University of Missouri System (US),United States,38.95171,-92.33407,
5388228,University of Rochester (US),United States,43.15478,-77.61556,R1
5716644,Carilion Clinic (US),United States,37.27097,-79.94143,
6059380,University of Baltimore (US),United States,39.29038,-76.61219,D/PU
6332465,Morehouse School of Medicine (US),United States,33.749,-84.38798,D/PU
6750721,University of Montana (US),United States,46.87215,-113.994,R1
6902469,Brandeis University (US),United States,42.37649,-71.23561,R1
7863295,Villanova University (US),United States,40.04622,-75.35991,R2
7947594,University of Maine (US),United States,44.88312,-68.67198,R1
8078737,Clemson University (US),United States,34.68344,-82.83737,R1
8248082,Florida Agricultural and Mechanical University (US),United States,30.43826,-84.28073,R2
8606887,Grand Valley State University (US),United States,42.97225,-85.95365,D/PU
8692664,University of Oklahoma (US),United States,35.22257,-97.43948,R1
10052268,New Mexico State University (US),United States,32.31232,-106.77834,R1
11874761,University of North Florida (US),United States,30.33218,-81.65565,R2
11883440,James Madison University (US),United States,38.44957,-78.86892,R2
11957088,Michigan Technological University (US),United States,47.12187,-88.56901,R1
12057038,University of Toledo Medical Center (US),United States,41.66394,-83.55521,
12097938,West Virginia University (US),United States,39.62953,-79.9559,R1
12315562,Texas Tech University (US),United States,33.57786,-101.85517,R1
12834331,University of Wyoming (US),United States,41.31137,-105.5911,R1
12912129,Northeastern University (US),United States,42.35843,-71.05977,R1
13511017,Texas State University (US),United States,29.88327,-97.94139,R2
14285509,University of Maryland Medical System (US),United States,39.29038,-76.61219,
16269868,Santa Clara University (US),United States,37.35411,-121.95524,D/PU
16285277,William & Mary (US),United States,37.2707,-76.70746,R1
16452829,The University of Texas System (US),United States,30.26715,-97.74306,
16820183,Illinois College (US),United States,39.73394,-90.22901,
16944753,Clarkson University (US),United States,44.66978,-74.98131,R2
17301866,University of Alabama (US),United States,33.20984,-87.56917,R1
17626003,University of Rhode Island (US),United States,41.48038,-71.52256,R1
18241798,Lake Erie College of Osteopathic Medicine (US),United States,42.12922,-80.08506,
19085752,National Center for Immunization and Respiratory Diseases (US),United States,33.749,-84.38798,
19648265,Wright State University (US),United States,39.75895,-84.19161,R2
19700959,Florida International University (US),United States,25.77427,-80.19366,R1
19772626,Yeshiva University (US),United States,40.71427,-74.00597,R2
20089843,Princeton University (US),United States,40.34872,-74.65905,R1
20382870,Missouri University of Science and Technology (US),United States,37.95143,-91.77127,R1
20388574,SUNY Upstate Medical University (US),United States,43.04812,-76.14742,R2
22433950,Altera (United States) (US),United States,37.33939,-121.89496,
23732399,Montana State University (US),United States,45.67965,-111.03856,R1
24571045,University of North Dakota (US),United States,47.92526,-97.03285,R1
24603500,University of Massachusetts Amherst (US),United States,42.37537,-72.51925,R1
25041050,Augusta University (US),United States,33.47097,-81.97484,R2
25790992,Cardiovascular Institute of the South (US),United States,29.59577,-90.71953,
26347476,Loma Linda University (US),United States,34.04835,-117.26115,R2
26538001,San Diego State University (US),United States,32.71571,-117.16472,R1
27804330,Brown University (US),United States,41.82399,-71.41283,R1
27825529,California State University Los Angeles (US),United States,34.05223,-118.24368,R2
27837315,University of Michigan–Ann Arbor (US),United States,42.27756,-83.74088,R1
28792581,University of Rochester Medical Center (US),United States,43.15478,-77.61556,
29236304,Advisory Board Company (United States) (US),United States,38.89511,-77.03637,
29606459,University of Mississippi Medical Center (US),United States,32.29876,-90.18481,
29801172,Thomas Jefferson National Accelerator Facility (US),United States,36.98038,-76.42975,
29957033,Pennsylvania State System of Higher Education (US),United States,40.2737,-76.88442,
32389192,University of Alabama at Birmingham (US),United States,33.52066,-86.80249,R1
32971472,Yale University (US),United States,41.30815,-72.92816,R1
33086117,New York Psychoanalytic Society and Institute (US),United States,40.71427,-74.00597,
33213144,University of Florida (US),United States,29.65163,-82.32483,R1
33434090,University of Massachusetts Boston (US),United States,42.35843,-71.05977,R1
35566140,Loyola Marymount University (US),United States,34.05223,-118.24368,R2
35662394,GlobalFoundries (United States) (US),United States,37.35411,-121.95524,
35777872,North Carolina Agricultural and Technical State University (US),United States,36.07264,-79.79198,R2
36258959,"University of California, San Diego (US)",United States,32.71571,-117.16472,R1
36373038,Cleveland Clinic Lerner College of Medicine (US),United States,41.4995,-81.69541,
36788626,California University of Pennsylvania (US),United States,40.06563,-79.89171,
36819085,Northwest University (US),United States,47.68149,-122.20874,
38260057,In-Q-Tel (US),United States,38.88101,-77.10428,
39422238,University of Illinois Chicago (US),United States,41.85003,-87.65005,R1
39565521,Office of Science (US),United States,38.89511,-77.03637,
39587148,Wichita State University (US),United States,37.69224,-97.33754,R2
39694355,Hunter College (US),United States,40.71427,-74.00597,R2
39815113,Georgia Southern University (US),United States,32.44879,-81.78317,R2
39965400,Kettering University (US),United States,43.01253,-83.68746,
40253897,University of New Haven (US),United States,41.27065,-72.94705,D/PU
40347166,University of Chicago (US),United States,41.85003,-87.65005,R1
43522216,"California State University, Sacramento (US)",United States,38.58157,-121.4944,R2
43579087,University of Wisconsin–Milwaukee (US),United States,43.0389,-87.90647,R1
44265643,Rowan University (US),United States,39.70289,-75.11184,R2
44461941,University of Houston (US),United States,29.76328,-95.36327,R1
44854399,University of Southern Mississippi (US),United States,31.32712,-89.29034,R1
45438204,The University of Texas at San Antonio (US),United States,29.42412,-98.49363,R1
47251452,Wake Forest University (US),United States,36.09986,-80.24422,R2
47301684,Illinois State University (US),United States,40.5142,-88.99063,R2
47838141,Saint Louis University (US),United States,38.62727,-90.19789,R1
48633490,Mass General Brigham (US),United States,42.35843,-71.05977,
49332381,University of Oklahoma Health Sciences Center (US),United States,35.46756,-97.51643,
49886154,Rush University (US),United States,41.85003,-87.65005,R2
51504820,San Jose State University (US),United States,37.33939,-121.89496,R2
51556381,University of Virginia (US),United States,38.02931,-78.47668,R1
51579864,Stryker (United States) (US),United States,42.29171,-85.58723,
51713134,University of Colorado Anschutz Medical Campus (US),United States,39.72943,-104.83192,
52064589,Clark Atlanta University (US),United States,33.749,-84.38798,R2
52357470,The Ohio State University (US),United States,39.96118,-82.99879,R1
52669646,Western Washington University (US),United States,48.75955,-122.48822,D/PU
52792670,HealthPartners (US),United States,44.97997,-93.26384,
53236636,Franklin University (US),United States,39.96118,-82.99879,
53276908,Marymount University (US),United States,38.88101,-77.10428,D/PU
54713919,Geisinger Health System (US),United States,40.96342,-76.61273,
55302922,The University of Texas Medical Branch at Galveston (US),United States,29.30135,-94.7977,R2
55633929,World Bank Group (US),United States,38.89511,-77.03637,
55732556,Arizona State University (US),United States,33.41477,-111.90931,R1
55769427,Indiana University – Purdue University Indianapolis (US),United States,39.76838,-86.15804,R1
55921689,La Roche College (US),United States,40.44062,-79.99589,
57053284,Rockwell Automation (United States) (US),United States,43.0389,-87.90647,
57206974,New York University (US),United States,40.71427,-74.00597,R1
57328836,North Dakota State University (US),United States,46.87719,-96.7898,R1
58610484,Seattle University (US),United States,47.60621,-122.33207,D/PU
58956616,Case Western Reserve University (US),United States,41.4995,-81.69541,R1
59130452,University of Nebraska Medical Center (US),United States,41.25626,-95.94043,
59499333,Optica (US),United States,38.89511,-77.03637,
59553526,Stony Brook University (US),United States,40.92565,-73.14094,R1
59897056,"California State University, Long Beach (US)",United States,33.76696,-118.18923,R2
60205797,Abilene Christian University (US),United States,32.44874,-99.73314,R2
61628605,Smith-Kettlewell Eye Research Institute (US),United States,37.77493,-122.41942,
62856769,Saudi Aramco (United States) (US),United States,29.76328,-95.36327,
63135867,University of Cincinnati (US),United States,39.12711,-84.51439,R1
63190737,"University at Buffalo, State University of New York (US)",United States,42.88645,-78.87837,R1
63533367,General Atomics (United States) (US),United States,32.71571,-117.16472,
63772739,Florida Atlantic University (US),United States,26.35869,-80.0831,R1
63966007,Massachusetts Institute of Technology (US),United States,42.3751,-71.10561,R1
66946132,"University of Maryland, College Park (US)",United States,38.98067,-76.93692,R1
66958751,Woods Hole Oceanographic Institution (US),United States,41.5515,-70.61475,
67328108,"California State University, Fresno (US)",United States,36.74773,-119.77237,R2
68260882,Nevada System of Higher Education (US),United States,39.52963,-119.8138,
70983195,Syracuse University (US),United States,43.04812,-76.14742,R1
71578702,University of Portland (US),United States,45.52345,-122.67621,
71838634,San Francisco State University (US),United States,37.77493,-122.41942,R2
72019824,Virginia Commonwealth University Medical Center (US),United States,37.55376,-77.46026,
72090969,Nokia (United States) (US),United States,32.95457,-97.01501,
72816309,Drexel University (US),United States,39.95238,-75.16362,R1
72951846,Washington State University (US),United States,46.73127,-117.17962,R1
74680897,Procter & Gamble (United States) (US),United States,39.12711,-84.51439,
74760111,Texas Instruments (United States) (US),United States,32.78306,-96.80667,
74775410,Rice University (US),United States,29.76328,-95.36327,R1
74973139,Carnegie Mellon University (US),United States,40.44062,-79.99589,R1
75027704,University of Tennessee at Knoxville (US),United States,35.96064,-83.92074,R1
75420490,Louisiana State University Health Sciences Center New Orleans (US),United States,29.95465,-90.07507,
75421653,University of Missouri–Kansas City (US),United States,39.09973,-94.57857,R1
75929689,UConn Health (US),United States,41.71982,-72.83204,
76766440,University of San Francisco (US),United States,37.77493,-122.41942,R2
76835614,University of Missouri (US),United States,38.95171,-92.33407,R1
77920804,Albany Medical Center Hospital (US),United States,42.65258,-73.75623,
78577930,Columbia University (US),United States,40.71427,-74.00597,R1
78715868,University of Arkansas at Fayetteville (US),United States,36.06258,-94.15743,R1
79272384,"University of Maryland, Baltimore County (US)",United States,39.29038,-76.61219,R1
79463011,Analysis Group (United States) (US),United States,42.35843,-71.05977,
79516672,University of Louisiana at Lafayette (US),United States,30.22409,-92.01984,R1
79576946,University of Pennsylvania (US),United States,39.95238,-75.16362,R1
79620101,University of Arkansas for Medical Sciences (US),United States,34.74648,-92.28959,R2
80605987,NOAA Earth System Research Laboratory (US),United States,40.01499,-105.27055,
81020160,Louisiana State University Health Sciences Center Shreveport (US),United States,32.52515,-93.75018,
81365321,Old Dominion University (US),United States,36.84681,-76.28522,R1
82495205,University of Alabama in Huntsville (US),United States,34.7304,-86.58594,R2
82497590,Auburn University (US),United States,32.60986,-85.48078,R1
82783531,Penn State Milton S. Hershey Medical Center (US),United States,40.28592,-76.65025,
83328450,Miami University (US),United States,39.507,-84.74523,R2
83399316,Rockefeller University (US),United States,40.71427,-74.00597,R2
83809506,University of South Alabama (US),United States,30.69436,-88.04305,R2
83909951,Morgan State University (US),United States,39.29038,-76.61219,R2
83925599,W.E. Upjohn Institute for Employment Research (US),United States,42.29171,-85.58723,
84218800,"University of California, Davis (US)",United States,38.54491,-121.74052,R1
84392919,Temple University (US),United States,39.95238,-75.16362,R1
84470341,Catholic University of America (US),United States,38.89511,-77.03637,R1
84475105,Embry–Riddle Aeronautical University (US),United States,29.21081,-81.02283,
85384741,Heidelberg University (US),United States,41.1145,-83.17797,
86501945,University of Delaware (US),United States,39.68372,-75.74966,R1
86519309,The University of Texas at Austin (US),United States,30.26715,-97.74306,R1
86755215,MedStar Health (US),United States,39.24038,-76.83942,
87208437,University of Tulsa (US),United States,36.15398,-95.99277,R2
87216513,Michigan State University (US),United States,42.73698,-84.48387,R1
87303767,U.S. Army Engineer Research and Development Center (US),United States,32.35265,-90.87788,
87424562,Ithaca College (US),United States,42.44063,-76.49661,
88694374,Marshall University (US),United States,38.41925,-82.44515,R2
90871651,University of Toledo (US),United States,41.66394,-83.55521,R1
91045830,Texas A&M University (US),United States,30.62798,-96.33441,R1
91221267,Minnesota State Colleges and Universities System (US),United States,44.94441,-93.09327,
92156820,University of Cincinnati Medical Center (US),United States,39.12711,-84.51439,
92446798,Colorado State University (US),United States,40.58526,-105.08442,R1
92664306,Walter Reed Army Institute of Research (US),United States,38.99067,-77.02609,
93393672,Western University of Health Sciences (US),United States,34.05529,-117.75228,D/PU
94062374,Florida College (US),United States,28.0353,-82.38926,
94328231,University of Rio Grande and Rio Grande Community College (US),United States,38.87952,-82.38043,
94339441,Western Kentucky University (US),United States,36.99032,-86.4436,D/PU
94396219,Providence Health & Services (US),United States,47.48288,-122.21707,
94658018,University of Memphis (US),United States,35.14953,-90.04898,R1
95240055,Northeast Ohio Medical University (US),United States,41.15756,-81.24205,D/PU
95457486,"University of California, Berkeley (US)",United States,37.87159,-122.27275,R1
96749437,Texas A&M University – Corpus Christi (US),United States,27.80058,-97.39638,R2
97018004,Stanford University (US),United States,37.42411,-122.16608,R1
98704320,Icahn School of Medicine at Mount Sinai (US),United States,40.71427,-74.00597,R2
98813999,American College of Surgeons (US),United States,41.85003,-87.65005,
98947143,California State Polytechnic University (US),United States,34.05529,-117.75228,R2
99041443,Mississippi State University (US),United States,33.45049,-88.81961,R1
99484792,Baxter (United States) (US),United States,42.17114,-87.84451,
100005738,Brigham Young University (US),United States,40.23384,-111.65853,R1
102149020,University of North Carolina at Charlotte (US),United States,35.22709,-80.84313,R1
102298084,Andrews University (US),United States,41.94643,-86.3389,
102322052,The Wistar Institute (US),United States,39.95238,-75.16362,
102322142,"Rutgers, The State University of New Jersey (US)",United States,40.48622,-74.45182,R1
102461120,Marquette University (US),United States,43.0389,-87.90647,R2
102502594,Northern Illinois University (US),United States,41.92947,-88.75036,R2
102607778,Cleveland State University (US),United States,41.4995,-81.69541,R2
103163165,Florida State University (US),United States,30.43826,-84.28073,R1
103187081,Smithsonian Institution (US),United States,38.89511,-77.03637,
103531236,Boston College (US),United States,42.35843,-71.05977,R1
103635307,"University of California, Riverside (US)",United States,33.95335,-117.39616,R1
106165777,University of Central Florida (US),United States,28.53834,-81.37924,R1
106460735,Philadelphia College of Osteopathic Medicine (US),United States,39.95238,-75.16362,D/PU
106745318,NOAA National Marine Fisheries Service (US),United States,38.99067,-77.02609,
106959904,Florida Institute of Technology (US),United States,28.08363,-80.60811,R2
106969075,Idaho State University (US),United States,42.8713,-112.44553,R2
107077323,Worcester Polytechnic Institute (US),United States,42.26259,-71.80229,R1
107341208,Louisiana State University System (US),United States,30.44332,-91.18747,
107606265,Broad Institute (US),United States,42.3751,-71.10561,
107639228,University of Notre Dame (US),United States,41.70019,-86.23793,R1
107672454,Dartmouth College (US),United States,43.70229,-72.28954,R1
107766831,NSF National Center for Atmospheric Research (US),United States,40.01499,-105.27055,
108468826,Stevens Institute of Technology (US),United States,40.74399,-74.03236,R2
108785884,Intermountain Healthcare (US),United States,40.76078,-111.89105,
110152177,University of Akron (US),United States,41.08144,-81.51901,R2
110357561,University of the Sciences (US),United States,39.95238,-75.16362,
110378019,Southern Illinois University Carbondale (US),United States,37.72727,-89.21675,R1
110383171,American Society For Engineering Education (US),United States,38.89511,-77.03637,
110995367,Sprint (United States) (US),United States,38.98223,-94.67079,
111088046,Boston University (US),United States,42.35843,-71.05977,R1
111236770,University of Vermont (US),United States,44.47588,-73.21207,R1
111455621,"Queens College, CUNY (US)",United States,40.71427,-74.00597,D/PU
111483173,King University (US),United States,36.59511,-82.18874,
111878022,Linde (United States) (US),United States,40.60079,-74.64815,
111979921,Northwestern University (US),United States,42.04114,-87.69006,R1
112197944,San Antonio College (US),United States,29.42412,-98.49363,
113508548,Albany State University (US),United States,31.57851,-84.15574,
114027177,University of North Carolina at Chapel Hill (US),United States,35.9132,-79.05584,R1
114073160,Sutter Health (US),United States,38.58157,-121.4944,
114395901,University of Nebraska–Lincoln (US),United States,40.8,-96.66696,R1
114493937,Creighton University (US),United States,41.25626,-95.94043,R2
114662689,Leidos (United States) (US),United States,38.96872,-77.3411,
114832834,Tulane University (US),United States,29.95465,-90.07507,R1
115475287,Oklahoma State University (US),United States,36.11561,-97.05837,R1
116530498,Inova Health System (US),United States,38.88233,-77.17109,
117397414,Aurora Health Care (US),United States,43.0389,-87.90647,
117965899,University of Hawaiʻi at Mānoa (US),United States,21.30694,-157.85834,R1
118118575,New Jersey Institute of Technology (US),United States,40.73566,-74.17237,R1
118136607,General Motors (United States) (US),United States,42.33143,-83.04575,
118353179,DePaul University (US),United States,41.85003,-87.65005,R2
119443389,East Tennessee State University (US),United States,36.31344,-82.35347,R2
120156002,Boise State University (US),United States,43.6135,-116.20345,R2
120506574,Allegheny College (US),United States,41.64144,-80.15145,
121820613,Louisiana State University (US),United States,30.44332,-91.18747,R1
121847817,"The Graduate Center, CUNY (US)",United States,40.71427,-74.00597,R1
121934306,Tufts University (US),United States,42.41843,-71.10616,R1
121980950,Utah State University (US),United States,41.73549,-111.83439,R1
122266389,University of Nebraska at Omaha (US),United States,41.25626,-95.94043,R2
122411786,California Institute of Technology (US),United States,34.14778,-118.14452,R1
123431417,Scripps Research Institute (US),United States,32.71571,-117.16472,
123534392,University of North Texas (US),United States,33.21484,-97.13307,R1
123946342,Binghamton University (US),United States,42.09869,-75.91797,R1
125029298,Texas A&M Health Science Center (US),United States,30.62798,-96.33441,
125687163,City College of New York (US),United States,40.71427,-74.00597,R2
126218986,Children's Hospital of Wisconsin (US),United States,43.0389,-87.90647,
126307644,University of Iowa (US),United States,41.66113,-91.53017,R1
126345244,Portland State University (US),United States,45.52345,-122.67621,R2
126744593,"University of Maryland, Baltimore (US)",United States,39.29038,-76.61219,R1
127073530,OhioHealth (US),United States,39.96118,-82.99879,
127339247,California State University System (US),United States,33.76696,-118.18923,
127591826,University of Dayton (US),United States,39.75895,-84.19161,R1
128902783,Midwestern University (US),United States,41.80892,-88.01117,D/PU
128956969,Texas Christian University (US),United States,32.72541,-97.32085,R2
129302853,Roche (United States) (US),United States,37.77493,-122.41942,
129975664,Albert Einstein College of Medicine (US),United States,40.84985,-73.86641,R2
130238516,University of Minnesota (US),United States,44.97997,-93.26384,R1
130701444,Georgia Institute of Technology (US),United States,33.749,-84.38798,R1
130769515,Pennsylvania State University (US),United States,40.79339,-77.86,R1
131249849,Oregon State University (US),United States,44.56457,-123.26204,R1
131651094,University of Denver (US),United States,39.73915,-104.9847,R1
132943300,Emory Healthcare (US),United States,33.749,-84.38798,
133738476,University of Massachusetts Lowell (US),United States,42.63342,-71.31617,R1
133999245,"University of Nevada, Las Vegas (US)",United States,36.17497,-115.13722,R1
134113660,"University of Nevada, Reno (US)",United States,39.52963,-119.8138,R1
134386540,Louisiana State University Agricultural Center (US),United States,30.44332,-91.18747,
134446601,Berkeley College (US),United States,40.71427,-74.00597,
135191193,University of Indianapolis (US),United States,39.76838,-86.15804,
135310074,University of Wisconsin–Madison (US),United States,43.07305,-89.40123,R1
136199984,Harvard University (US),United States,42.3751,-71.10561,R1
137853757,Howard University (US),United States,38.89511,-77.03637,R1
137902535,North Carolina State University (US),United States,35.7721,-78.63861,R1
138006243,University of Arizona (US),United States,32.22174,-110.92648,R1
138873065,Long Island University (US),United States,40.81316,-73.56735,
139290212,Hofstra University (US),United States,40.70621,-73.61874,R2
139787848,Capital University (US),United States,39.96895,-82.93768,
140172145,University of Connecticut (US),United States,41.80843,-72.24952,R1
141472210,University of Alaska Fairbanks (US),United States,64.83778,-147.71638,R2
141649380,Western Michigan University (US),United States,42.29171,-85.58723,R2
142066694,ITRI International (US),United States,37.33939,-121.89496,
142207940,California NanoSystems Institute (US),United States,34.05223,-118.24368,
142606810,Pacific Northwest National Laboratory (US),United States,46.28569,-119.28446,
142740786,University of Louisville (US),United States,38.25424,-85.75941,R1
142823887,St. John's University (US),United States,40.71427,-74.00597,D/PU
142934699,"California State University, Fullerton (US)",United States,33.87029,-117.92534,R2
143302722,University of Kentucky (US),United States,37.98869,-84.47772,R1
145311948,Johns Hopkins University (US),United States,39.29038,-76.61219,R1
145608581,University of Miami (US),United States,25.72149,-80.26838,R1
145610796,Southern University and Agricultural and Mechanical College (US),United States,30.44332,-91.18747,R2
146183641,Spectrum Health (US),United States,42.96336,-85.66809,
146416000,University of Kansas (US),United States,38.97167,-95.23525,R1
147853995,University of Alaska Anchorage (US),United States,61.21806,-149.90028,D/PU
147878501,Orlando Health (US),United States,28.53834,-81.37924,
148283060,Lawrence Berkeley National Laboratory (US),United States,37.87159,-122.27275,
148314036,Uniformed Services University of the Health Sciences (US),United States,38.98067,-77.10026,
149251103,Thomas Jefferson University (US),United States,39.95238,-75.16362,R2
149700789,Augustana University (US),United States,43.54997,-96.70033,
149744451,Valparaiso University (US),United States,41.47309,-87.06114,
149910238,Kent State University (US),United States,41.15367,-81.35789,R1
149919469,California Polytechnic State University (US),United States,35.28275,-120.65962,D/PU
150149174,Mercer University (US),United States,32.84069,-83.6324,R2
150209017,Scripps Institution of Oceanography (US),United States,32.84727,-117.2742,
150468666,Emory University (US),United States,33.749,-84.38798,R1
150569930,Bayer (United States) (US),United States,40.82454,-74.4171,
151328261,Hampton University (US),United States,37.02987,-76.34522,R2
151808059,Colorado School of Public Health (US),United States,39.72943,-104.83192,
153297377,Medical University of South Carolina (US),United States,32.77657,-79.93092,R1
153901656,University of North Carolina Wilmington (US),United States,34.23556,-77.94604,R2
154057602,Henry Ford Health System (US),United States,42.33143,-83.04575,
154570441,"University of California, Santa Barbara (US)",United States,34.42083,-119.69819,R1
155093810,University of Idaho (US),United States,46.73239,-117.00017,R1
155173764,Rochester Institute of Technology (US),United States,43.15478,-77.61556,R2
155781252,University of South Carolina (US),United States,34.00071,-81.03481,R1
156087764,"University of California, Merced (US)",United States,37.30216,-120.48297,R1
156802259,Eastern Virginia Medical School (US),United States,36.84681,-76.28522,R2
157394403,Baylor University (US),United States,31.54933,-97.14667,R1
157417397,Bowling Green State University (US),United States,41.37477,-83.65132,R2
157638225,"California State University, Northridge (US)",United States,34.22834,-118.53675,D/PU
157725225,University of Illinois Urbana-Champaign (US),United States,40.11059,-88.20727,R1
158012942,University of Richmond (US),United States,37.55376,-77.46026,D/PU
159548981,State Street (United States) (US),United States,42.35843,-71.05977,
160606119,University of Tennessee Health Science Center (US),United States,35.14953,-90.04898,R1
160856358,University of San Diego (US),United States,32.71571,-117.16472,R2
161057412,University of New Hampshire (US),United States,43.13397,-70.92645,R1
161318765,"University of California, Los Angeles (US)",United States,34.05223,-118.24368,R1
161675122,Cooperative Institute for Research in Environmental Sciences (US),United States,40.01499,-105.27055,
162577319,The University of Texas at Dallas (US),United States,32.94818,-96.72972,R1
162714631,George Mason University (US),United States,38.84622,-77.30637,R1
164389053,Fordham University (US),United States,40.71427,-74.00597,R2
164936912,The University of Texas at El Paso (US),United States,31.75872,-106.48693,R1
165102784,Duquesne University (US),United States,40.44062,-79.99589,R2
165139151,University of North Texas Health Science Center (US),United States,32.72541,-97.32085,D/PU
165690674,Oregon Health & Science University (US),United States,45.52345,-122.67621,R2
165733156,University of Georgia (US),United States,33.96095,-83.37794,R1
165799507,Rensselaer Polytechnic Institute (US),United States,42.72841,-73.69179,R1
165951966,The University of Texas Health Science Center at San Antonio (US),United States,29.42412,-98.49363,R1
166088655,Montclair State University (US),United States,40.82593,-74.20903,R2
166416128,DEVCOM Army Research Laboratory (US),United States,39.00317,-76.97192,
166722992,University of Massachusetts Chan Medical School (US),United States,42.26259,-71.80229,R2
167576493,Colorado School of Mines (US),United States,39.75554,-105.2211,R1
168537998,Eli Lilly (United States) (US),United States,39.76838,-86.15804,
168959743,University of America (US),United States,33.55391,-117.21392,
169071179,Cancer Research Institute (US),United States,40.71427,-74.00597,
169335092,University of North Carolina at Greensboro (US),United States,36.07264,-79.79198,R2
169521973,University of New Mexico (US),United States,35.08449,-106.65114,R1
169615421,Middle Tennessee State University (US),United States,35.84562,-86.39027,R2
170201317,University of Pittsburgh (US),United States,40.44062,-79.99589,R1
170632171,Washington State University Spokane (US),United States,47.65966,-117.42908,
170897317,Duke University (US),United States,35.99403,-78.89862,R1
172980758,Kennesaw State University (US),United States,34.02343,-84.61549,
173268674,Texas A&M University System (US),United States,30.62798,-96.33441,
173911158,Iowa State University (US),United States,42.03471,-93.61994,R1
174216632,City University of New York (US),United States,40.71427,-74.00597,
175003984,Office of Naval Research (US),United States,38.88101,-77.10428,
175594653,John Brown University (US),United States,36.18814,-94.5405,
177097968,University of Tennessee at Chattanooga (US),United States,35.04563,-85.30968,D/PU
177156846,South Dakota State University (US),United States,44.31136,-96.79839,R2
177605424,Amherst College (US),United States,42.37537,-72.51925,D/PU
177607063,The Lundquist Institute (US),United States,33.83585,-118.34063,
177721651,Oakland University (US),United States,42.68059,-83.13382,R2
178169726,Southern Methodist University (US),United States,32.78306,-96.80667,R1
180297670,RTI International (US),United States,35.99403,-78.89862,
180670191,"University of California, San Francisco (US)",United States,37.77493,-122.41942,R1
180857899,Pfizer (United States) (US),United States,40.71427,-74.00597,
180949307,Illinois Institute of Technology (US),United States,41.85003,-87.65005,R2
181190671,New York Medical College (US),United States,41.07482,-73.77513,D/PU
181233156,University of Oregon (US),United States,44.05207,-123.08675,R1
181401687,American University (US),United States,38.89511,-77.03637,R1
181547552,Baylor College of Medicine (US),United States,29.76328,-95.36327,R1
181565077,Georgia State University (US),United States,33.749,-84.38798,R1
181697535,SUNY Downstate Health Sciences University (US),United States,40.6501,-73.94958,
183874917,Urbana University (US),United States,40.10839,-83.75243,
184565670,Georgetown University (US),United States,38.89511,-77.03637,R1
184840846,Virginia Commonwealth University (US),United States,37.55376,-77.46026,R1
185071736,Chapman University (US),United States,33.78779,-117.85311,R2
185103710,"University of California, Santa Cruz (US)",United States,36.97412,-122.0308,R1
185443292,Wayne State University (US),United States,42.33143,-83.04575,R1
186143895,Lehigh University (US),United States,40.62593,-75.37046,R1
186335123,East Carolina University (US),United States,35.61266,-77.36635,R1
186523950,Regeneron (United States) (US),United States,41.07621,-73.85875,
188497080,Carleton College (US),United States,44.4583,-93.1616,D/PU
188538660,University of Colorado Boulder (US),United States,40.01499,-105.27055,R1
188703185,GTx (United States) (US),United States,35.14953,-90.04898,
188891513,Sanford Burnham Prebys Medical Discovery Institute (US),United States,32.84727,-117.2742,
189158971,United States Naval Academy (US),United States,38.97859,-76.49184,D/PU
189196454,The University of Texas at Arlington (US),United States,32.73569,-97.10807,R1
189273616,Rosalind Franklin University of Medicine and Science (US),United States,42.32558,-87.84118,D/PU
189590672,Kansas State University (US),United States,39.18361,-96.57167,R1
189957204,University of South Dakota (US),United States,42.77944,-96.92921,R2
191429286,Sam Houston State University (US),United States,30.72353,-95.55078,R2
192389796,Humboldt State University (US),United States,40.86652,-124.08284,D/PU
192396691,University of New Orleans (US),United States,29.95465,-90.07507,R2
192454743,Sandia National Laboratories California (US),United States,37.68187,-121.76801,
192545095,United States Military Academy (US),United States,41.39148,-73.95597,D/PU
193531525,George Washington University (US),United States,38.89511,-77.03637,R1
196272386,Providence College (US),United States,41.82399,-71.41283,D/PU
196729704,Southern Illinois University School of Medicine (US),United States,39.80172,-89.64371,
196817621,Carnegie Institution for Science (US),United States,38.89511,-77.03637,
197604219,"National Academies of Sciences, Engineering, and Medicine (US)",United States,38.89511,-77.03637,
198089087,Ball State University (US),United States,40.19338,-85.38636,R2
198423848,National Institute for Occupational Safety and Health (US),United States,38.89511,-77.03637,
198811213,National Nuclear Security Administration (US),United States,38.89511,-77.03637,
200719446,Vanderbilt University (US),United States,36.16589,-86.78444,R1
200870766,Brookhaven National Laboratory (US),United States,40.86954,-72.88677,
201448701,University of Washington (US),United States,47.60621,-122.33207,R1
203088144,Nova Southeastern University (US),United States,26.12231,-80.14338,R1
203172682,Northern Arizona University (US),United States,35.19807,-111.65127,R1
204250578,"University of California, Irvine (US)",United States,33.66946,-117.82311,R1
204308271,Medical College of Wisconsin (US),United States,43.0389,-87.90647,R2
204465549,Washington University in St. Louis (US),United States,38.62727,-90.19789,R1
204866599,VA Palo Alto Health Care System (US),United States,37.44188,-122.14302,
205783295,Cornell University (US),United States,42.44063,-76.49661,R1
208333798,University of Missouri–St. Louis (US),United States,38.62727,-90.19789,R2
210824098,Wilmington University (US),United States,39.65948,-75.56359,
219193219,Purdue University West Lafayette (US),United States,40.42587,-86.90807,R1
223532165,University of Utah (US),United States,40.76078,-111.89105,R1
227586296,American Physical Therapy Association (US),United States,38.80484,-77.04692,
257179599,Baker Hughes (United States) (US),United States,29.76328,-95.36327,
267592682,Williams (United States) (US),United States,36.15398,-95.99277,
285663978,Weatherford College (US),United States,32.7593,-97.79725,
368840534,University of Mississippi (US),United States,34.3665,-89.51925,R1
859038795,Virginia Tech (US),United States,37.22957,-80.41394,R1
867280407,The University of Texas Southwestern Medical Center (US),United States,32.78306,-96.80667,
870398029,Center for Excellence in Education (US),United States,38.93428,-77.17748,
872248612,Claremont Colleges (US),United States,34.09668,-117.71978,
880747138,Science Applications International Corporation (United States) (US),United States,38.93428,-77.17748,
880766802,Graduate School USA (US),United States,38.89511,-77.03637,
888729015,University of Colorado Colorado Springs (US),United States,38.83388,-104.82136,R2
889937125,National Patient Safety Foundation (US),United States,42.35843,-71.05977,
893718555,Joint Base San Antonio (US),United States,29.42412,-98.49363,
896114043,Edward Via College of Osteopathic Medicine (US),United States,37.22957,-80.41394,D/PU
901861585,Vanderbilt University Medical Center (US),United States,36.16589,-86.78444,
919571938,The University of Texas Health Science Center at Houston (US),United States,29.76328,-95.36327,
921990950,University of Colorado Denver (US),United States,39.73915,-104.9847,R1
922845939,Philadelphia University (US),United States,39.95238,-75.16362,
923382979,ExxonMobil (United States) (US),United States,32.81402,-96.94889,
926076166,Texas Tech University Health Sciences Center (US),United States,33.57786,-101.85517,R2
1280259254,Henry M. Jackson Foundation (US),United States,38.98067,-77.10026,
1280414376,United States Air Force Research Laboratory (US),United States,39.81113,-84.05731,
1280536761,Ames Research Center (US),United States,37.38605,-122.08385,
1280640908,The Nature Conservancy (US),United States,38.88101,-77.10428,
1281378812,Oak Ridge Associated Universities (US),United States,36.01036,-84.26964,
1281539108,Hospital for Special Surgery (US),United States,40.71427,-74.00597,
1281704429,Christiana Care Health System (US),United States,39.74595,-75.54659,
1282105669,Argonne National Laboratory (US),United States,41.67364,-88.00173,
1282311441,Lawrence Livermore National Laboratory (US),United States,37.68187,-121.76801,
1282516798,Atrium Health Wake Forest Baptist (US),United States,36.09986,-80.24422,
1282927834,Cedars-Sinai Medical Center (US),United States,34.05223,-118.24368,
1283055418,Indiana University Health (US),United States,39.76838,-86.15804,
1283103587,AT&T (United States) (US),United States,40.68066,-74.64544,
1283280774,Brigham and Women's Hospital (US),United States,42.35843,-71.05977,
1283621791,New York City Health and Hospitals Corporation (US),United States,40.71427,-74.00597,
1283654650,Prisma Health (US),United States,34.85262,-82.39401,
1285204247,Cincinnati Children's Hospital Medical Center (US),United States,39.12711,-84.51439,
1285210727,University of Kentucky HealthCare (US),United States,37.98869,-84.47772,
1285301757,Rush University Medical Center (US),United States,41.85003,-87.65005,
1285739803,MedStar Washington Hospital Center (US),United States,38.89511,-77.03637,
1285764155,"Merck & Co., Inc., Rahway, NJ, USA (United States) (US)",United States,40.60816,-74.27765,
1286329397,United States Geological Survey (US),United States,38.96872,-77.3411,
1286490081,Boston Medical Center (US),United States,42.35843,-71.05977,
1286959531,United Nations (US),United States,40.71427,-74.00597,
1287163989,Massachusetts Eye and Ear Infirmary (US),United States,42.35843,-71.05977,
1287521167,Lockheed Martin (United States) (US),United States,38.98067,-77.10026,
1287643137,Mount Sinai Beth Israel (US),United States,40.71427,-74.00597,
1288162130,University of Colorado Hospital (US),United States,39.72943,-104.83192,
1288198617,American Cancer Society (US),United States,33.749,-84.38798,
1288214837,United States Naval Research Laboratory (US),United States,38.89511,-77.03637,
1288882113,Boston Children's Hospital (US),United States,42.35843,-71.05977,
1289243028,Oak Ridge National Laboratory (US),United States,36.01036,-84.26964,
1289422878,Dartmouth–Hitchcock Medical Center (US),United States,43.64229,-72.25176,
1289437631,Fox Chase Cancer Center (US),United States,39.95238,-75.16362,
1289490764,Centers for Disease Control and Prevention (US),United States,33.749,-84.38798,
1289568071,San Antonio Military Medical Center (US),United States,29.42412,-98.49363,
1289702989,University System of Georgia (US),United States,33.749,-84.38798,
1289739345,Winthrop-University Hospital (US),United States,40.74927,-73.64068,
1290055561,St. Luke's University Health Network (US),United States,40.62593,-75.37046,
1290206253,Microsoft (United States) (US),United States,47.67399,-122.12151,
1290463931,Southwest Research Institute (US),United States,29.42412,-98.49363,
1290900354,Tufts Medical Center (US),United States,42.35843,-71.05977,
1291425158,Google (United States) (US),United States,37.38605,-122.08385,
1292894508,Roswell Park Comprehensive Cancer Center (US),United States,42.88645,-78.87837,
1292974536,Ford Motor Company (United States) (US),United States,42.32226,-83.17631,
1293487830,Geisinger Medical Center (US),United States,40.96342,-76.61273,
1293502524,Loma Linda University Medical Center (US),United States,34.04835,-117.26115,
1294278766,Lurie Children's Hospital (US),United States,41.85003,-87.65005,
1294504835,Marshall Space Flight Center (US),United States,34.68387,-86.64764,
1295339012,Boeing (United States) (US),United States,41.85003,-87.65005,
1295346377,Monsanto (United States) (US),United States,38.66089,-90.42262,
1295499534,Seattle Children's Hospital (US),United States,47.60621,-122.33207,
1295876152,Houston Methodist (US),United States,29.76328,-95.36327,
1295908608,San Francisco General Hospital (US),United States,37.77493,-122.41942,
1296604144,Memorial Hospital of South Bend (US),United States,41.68338,-86.25001,
1297127228,Space Telescope Science Institute (US),United States,39.29038,-76.61219,
1297288678,National Renewable Energy Laboratory (US),United States,39.75554,-105.2211,
1297463080,Children's Medical Center (US),United States,32.78306,-96.80667,
1297540436,Biogen (United States) (US),United States,42.3751,-71.10561,
1298060332,New York State Department of Health (US),United States,42.65258,-73.75623,
1298154867,Kennedy Krieger Institute (US),United States,39.29038,-76.61219,
1298353152,SRI International (US),United States,37.45383,-122.18219,
1299022934,United States Department of Health and Human Services (US),United States,38.89511,-77.03637,
1299218025,MetroHealth (US),United States,41.4995,-81.69541,
1299303238,National Institutes of Health (US),United States,38.98067,-77.10026,
1299501804,Michael E. DeBakey VA Medical Center (US),United States,29.76328,-95.36327,
1299725459,Barnes-Jewish Hospital (US),United States,38.62727,-90.19789,
1299907687,Bloomberg (United States) (US),United States,40.71427,-74.00597,
1301076528,City Of Hope National Medical Center (US),United States,34.13945,-117.97729,
1302163369,Hartford Hospital (US),United States,41.76371,-72.68509,
1302368450,Environmental Protection Agency (US),United States,38.89511,-77.03637,
1302444339,Northwell Health (US),United States,40.7351,-73.68791,
1302918504,Planetary Science Institute (US),United States,32.22174,-110.92648,
1302991022,Milken Institute (US),United States,34.01949,-118.49138,
1303243448,UMass Memorial Health Care (US),United States,42.26259,-71.80229,
1304082316,United States Department of the Army (US),United States,38.88101,-77.10428,
1304196042,Loyola University Medical Center (US),United States,41.8792,-87.84312,
1304256225,University of Wisconsin System (US),United States,43.07305,-89.40123,
1304269903,Trinity Health (US),United States,42.36837,-83.35271,
1304808963,National Park Service (US),United States,38.89511,-77.03637,
1305001552,Grady Memorial Hospital (US),United States,33.749,-84.38798,
1306266525,Goddard Space Flight Center (US),United States,39.00455,-76.87553,
1306490931,United States Army Corps of Engineers (US),United States,38.89511,-77.03637,
1306686416,RTX (United States) (US),United States,38.88101,-77.10428,
1306862143,Memorial Hermann (US),United States,29.76328,-95.36327,
1307098950,Salk Institute for Biological Studies (US),United States,32.84727,-117.2742,
1307117695,Nebraska Medical Center (US),United States,41.25626,-95.94043,
1308126019,National Oceanic and Atmospheric Administration (US),United States,38.89511,-77.03637,
1309104334,Fairview Health Services (US),United States,44.97997,-93.26384,
1309191912,Research Triangle Park Foundation (US),United States,35.99403,-78.89862,
1309849503,RAND Corporation (US),United States,34.01949,-118.49138,
1310145890,International Monetary Fund (US),United States,38.89511,-77.03637,
1310421338,Allegheny Health Network (US),United States,40.44062,-79.99589,
1311060795,U.S. National Science Foundation (US),United States,38.80484,-77.04692,
1311688040,Amazon (United States) (US),United States,47.60621,-122.33207,
1311914864,Scripps Health (US),United States,32.71571,-117.16472,
1312106833,Biotechnology Institute (US),United States,38.89511,-77.03637,
1312222531,Agricultural Research Service (US),United States,38.89511,-77.03637,
1312537475,Naval Medical Research Command (US),United States,38.99067,-77.02609,
1313298211,St. Jude Children's Research Hospital (US),United States,35.14953,-90.04898,
1313416372,US Forest Service (US),United States,38.89511,-77.03637,
1313867356,Association of Universities For Research In Astronomy (US),United States,38.89511,-77.03637,
1314135232,Nationwide Children's Hospital (US),United States,39.96118,-82.99879,
1314596251,Allen Institute for Brain Science (US),United States,47.60621,-122.33207,
1314696892,Fermi National Accelerator Laboratory (US),United States,41.85003,-88.31257,
1315496137,University of Maryland Medical Center (US),United States,39.29038,-76.61219,
1315708478,San Francisco VA Medical Center (US),United States,37.77493,-122.41942,
1315792047,"American Society of Composers, Authors and Publishers (US)",United States,40.71427,-74.00597,
1316535847,Beth Israel Deaconess Medical Center (US),United States,42.35843,-71.05977,
1316902750,Cleveland Clinic (US),United States,41.4995,-81.69541,
1316910977,DuPont (United States) (US),United States,39.74595,-75.54659,
1317227900,University System of Maryland (US),United States,39.00317,-76.97192,
1317239608,Federal Reserve (US),United States,38.89511,-77.03637,
1318687432,National Academy of Sciences (US),United States,38.89511,-77.03637,
1319063186,Langley Research Center (US),United States,37.02987,-76.34522,
1320320070,United States Food and Drug Administration (US),United States,38.99067,-77.02609,
1320343167,Ascension (US),United States,38.62727,-90.19789,
1320354487,Target (United States) (US),United States,44.97997,-93.26384,
1320553840,Amgen (United States) (US),United States,34.17056,-118.83759,
1320796813,Mount Sinai Health System (US),United States,40.71427,-74.00597,
1321296531,National Institute of Standards and Technology (US),United States,39.14344,-77.20137,
1321305853,National Bureau of Economic Research (US),United States,42.3751,-71.10561,
1321404777,Presbyterian Healthcare Services (US),United States,35.08449,-106.65114,
1321572752,St. Luke's-Roosevelt Hospital Center (US),United States,40.71427,-74.00597,
1321686444,Westchester Medical Center (US),United States,41.07482,-73.77513,
1322918889,United States Department of Veterans Affairs (US),United States,38.89511,-77.03637,
1323778983,Yale New Haven Hospital (US),United States,41.30815,-72.92816,
1324220072,Mount Sinai Hospital (US),United States,40.71427,-74.00597,
1324520350,Hackensack University Medical Center (US),United States,40.88593,-74.04347,
1324766304,Barrow Neurological Institute (US),United States,33.44838,-112.07404,
1324840837,Hewlett-Packard (United States) (US),United States,37.44188,-122.14302,
1325481341,St. Joseph's Hospital and Medical Center (US),United States,33.44838,-112.07404,
1325736334,Battelle (US),United States,39.96118,-82.99879,
1326872476,Maimonides Medical Center (US),United States,40.71427,-74.00597,
1326929380,Allina Health (US),United States,44.97997,-93.26384,
1327069482,National Institute on Drug Abuse (US),United States,38.98067,-77.10026,
1327163397,State University of New York (US),United States,42.65258,-73.75623,
1327576362,Feinstein Institute for Medical Research (US),United States,40.79788,-73.69957,
1328359107,Los Angeles County Department of Health Services (US),United States,34.05223,-118.24368,
1328499231,BJC HealthCare (US),United States,38.62727,-90.19789,
1328594524,Children's Mercy Hospital (US),United States,39.09973,-94.57857,
1328969757,Naval Sea Systems Command (US),United States,38.89511,-77.03637,
1329528197,Minneapolis Institute of Arts (US),United States,44.97997,-93.26384,
1330063522,Johnson & Johnson (United States) (US),United States,40.48622,-74.45182,
1330342723,Mayo Clinic (US),United States,44.02163,-92.4699,
1330347796,United States Department of Defense (US),United States,38.89511,-77.03637,
1330989302,United States Department of Energy (US),United States,38.89511,-77.03637,
1331384533,University of Hawaii System (US),United States,21.30694,-157.85834,
1332460256,Wildlife Conservation Society (US),United States,40.71427,-74.00597,
1332737386,General Electric (United States) (US),United States,42.35843,-71.05977,
1333370159,Motorola (United States) (US),United States,42.03336,-88.08341,
1333535994,University of North Carolina Health Care (US),United States,35.9132,-79.05584,
1333606569,Center for Drug Evaluation and Research (US),United States,38.99067,-77.02609,
1334016132,Lucile Packard Children's Hospital (US),United States,37.44188,-122.14302,
1334069289,Carolinas Healthcare System (US),United States,35.22709,-80.84313,
1334095494,New York City Department of Health and Mental Hygiene (US),United States,40.71427,-74.00597,
1334329717,World Bank (US),United States,38.89511,-77.03637,
1334627681,Jet Propulsion Laboratory (US),United States,34.19917,-118.18785,
1334819555,Memorial Sloan Kettering Cancer Center (US),United States,40.71427,-74.00597,
1335289525,Montefiore Medical Center (US),United States,40.84985,-73.86641,
1335321130,Children's Hospital of Philadelphia (US),United States,39.95238,-75.16362,
1335486098,Electric Power Research Institute (US),United States,37.44188,-122.14302,
1335927249,United States Department of the Interior (US),United States,38.89511,-77.03637,
1336053918,Ochsner Health System (US),United States,29.95465,-90.07507,
1336096307,United States Department of Agriculture (US),United States,38.89511,-77.03637,
1336742384,Children's National (US),United States,38.89511,-77.03637,
1336910626,Children's Hospital of Los Angeles (US),United States,34.05223,-118.24368,
1338124936,American Museum of Natural History (US),United States,40.71427,-74.00597,
1338449461,Baystate Medical Center (US),United States,42.10148,-72.58981,
1338503839,Corning (United States) (US),United States,42.14285,-77.05469,
1339417872,Wadsworth Center (US),United States,42.65258,-73.75623,
1339509835,NorthShore University HealthSystem (US),United States,42.04114,-87.69006,
1340179700,NewYork–Presbyterian Hospital (US),United States,40.71427,-74.00597,
1341412227,IBM (United States) (US),United States,41.12648,-73.71402,
1341618623,National Museum of Natural History (US),United States,38.89511,-77.03637,
1342924430,LAC+USC Medical Center (US),United States,34.05223,-118.24368,
1343028186,United States Fish and Wildlife Service (US),United States,38.88233,-77.17109,
1343035065,United States Department of Commerce (US),United States,38.89511,-77.03637,
1343052199,Kaiser Permanente (US),United States,37.80437,-122.2708,
1343180700,Intel (United States) (US),United States,37.35411,-121.95524,
1343551460,The University of Texas MD Anderson Cancer Center (US),United States,29.76328,-95.36327,
1343871089,Los Alamos National Laboratory (US),United States,35.88808,-106.30697,
1344073410,Howard Hughes Medical Institute (US),United States,39.00287,-77.07115,
2750212522,Cold Spring Harbor Laboratory (US),United States,40.87149,-73.45679,
2799343972,University Hospitals of Cleveland (US),United States,41.4995,-81.69541,
2799356940,University Corporation for Atmospheric Research (US),United States,40.01499,-105.27055,
2799359367,Clinical Orthopaedics and Related Research (US),United States,39.95238,-75.16362,
2799360765,Thomas Jefferson University Hospital (US),United States,39.95238,-75.16362,
2799370151,Beaumont Health (US),United States,42.48948,-83.14465,
2799424032,Discovery Institute (US),United States,47.60621,-122.33207,
2799495847,University of Tennessee System (US),United States,35.96064,-83.92074,
2799503643,Columbia University Irving Medical Center (US),United States,40.71427,-74.00597,
2799567181,Princeton Plasma Physics Laboratory (US),United States,40.34872,-74.65905,
2799617873,American Society of Civil Engineers (US),United States,38.96872,-77.3411,
2799628689,University of Louisiana System (US),United States,30.44332,-91.18747,
2799691083,University of Arkansas System (US),United States,34.74648,-92.28959,
2799765794,University of Virginia Health System (US),United States,38.02931,-78.47668,
2799767083,Ochsner Medical Center (US),United States,29.95465,-90.07507,
2799786008,Glenn Research Center (US),United States,41.4995,-81.69541,
2799798094,UCLA Health (US),United States,34.05223,-118.24368,
2799810409,Hospital of the University of Pennsylvania (US),United States,39.95238,-75.16362,
2799849604,Cleveland Foundation (US),United States,41.4995,-81.69541,
2799853436,Johns Hopkins Medicine (US),United States,39.29038,-76.61219,
2799885155,The Ohio State University Comprehensive Cancer Center – Arthur G. James Cancer Hospital and Richard J. Solove Research Institute (US),United States,39.96118,-82.99879,
2799886695,Veterans Health Administration (US),United States,38.89511,-77.03637,
2799903593,Georgetown University Medical Center (US),United States,38.89511,-77.03637,
2799905417,UW Health University Hospital (US),United States,43.07305,-89.40123,
2799932517,"John H. Stroger, Jr. Hospital of Cook County (US)",United States,41.85003,-87.65005,
2799950915,Wright-Patterson Air Force Base (US),United States,39.81113,-84.05731,
2800102766,Idaho National Laboratory (US),United States,43.46658,-112.03414,
2800154431,Keck Hospital of USC (US),United States,34.05223,-118.24368,
2800204061,Southern University System (US),United States,30.44332,-91.18747,
2800216316,Oklahoma State University System (US),United States,36.11561,-97.05837,
2800250139,Defense Health Agency (US),United States,38.88233,-77.17109,
2800275141,Allegheny General Hospital (US),United States,40.44062,-79.99589,
2800326109,Detroit Medical Center (US),United States,42.33143,-83.04575,
2800363604,Walter Reed National Military Medical Center (US),United States,38.98067,-77.10026,
2800364127,Jacobi Medical Center (US),United States,40.71427,-74.00597,
2800369878,LIGO Scientific Collaboration (US),United States,34.14778,-118.14452,
2800403580,University of Minnesota System (US),United States,44.97997,-93.26384,
2800421839,Government of the United States of America (US),United States,38.89511,-77.03637,
2800446032,Rhode Island Hospital (US),United States,41.82399,-71.41283,
2800453862,University System of New Hampshire (US),United States,43.13397,-70.92645,
2800496781,North Shore University Hospital (US),United States,40.79788,-73.69957,
2800507078,University of Alabama System (US),United States,33.20984,-87.56917,
2800548410,United States National Library of Medicine (US),United States,38.98067,-77.10026,
2800560132,Long Island Jewish Medical Center (US),United States,40.7351,-73.68791,
2800590384,McLaren Health Care (US),United States,43.01253,-83.68746,
2800628709,Lenox Hill Hospital (US),United States,40.71427,-74.00597,
2800649613,University of Missouri Health System (US),United States,38.95171,-92.33407,
2800667924,Sinai Hospital (US),United States,39.29038,-76.61219,
2800704349,Cooper University Hospital (US),United States,39.92595,-75.11962,
2800717037,University of Florida Health (US),United States,29.65163,-82.32483,
2800817003,Southern California University for Professional Studies (US),United States,33.66946,-117.82311,
2800842121,Office of Energy Efficiency and Renewable Energy (US),United States,38.89511,-77.03637,
2800861319,Texas Health Dallas (US),United States,32.78306,-96.80667,
2800916854,American Ceramic Society (US),United States,40.12617,-82.92907,
2800935791,UC San Diego Health System (US),United States,32.71571,-117.16472,
2800957949,United States Congress (US),United States,38.89511,-77.03637,
2801004183,Temple College (US),United States,31.09823,-97.34278,
2801024494,HCA Healthcare (US),United States,36.16589,-86.78444,
2801047068,University Health System (US),United States,29.42412,-98.49363,
2801052491,Staten Island University Hospital (US),United States,40.71427,-74.00597,
2801107848,New York Hospital Queens (US),United States,40.71427,-74.00597,
2801148111,McLean Hospital (US),United States,42.39593,-71.17867,
2801159745,Huntsman Cancer Institute (US),United States,40.76078,-111.89105,
2801213986,Montana University System (US),United States,46.59271,-112.03611,
2801246084,Children's Defense Fund (US),United States,38.89511,-77.03637,
2801247003,United Nations Economic and Social Council (US),United States,40.71427,-74.00597,
2801273398,Texas State University System (US),United States,30.26715,-97.74306,
2801313472,North Central State College (US),United States,40.75839,-82.51545,
2801333002,Purdue University System (US),United States,40.42587,-86.90807,
2801337628,Beth Israel Deaconess Hospital (US),United States,41.95844,-70.66726,
2801365484,Utah System of Higher Education (US),United States,40.76078,-111.89105,
2801403999,UCLA Medical Center (US),United States,34.01949,-118.49138,
2801410363,Stony Brook University Hospital (US),United States,40.92565,-73.14094,
2801463575,University Medical Center New Orleans (US),United States,29.95465,-90.07507,
2801502357,Southern Illinois University System (US),United States,37.72727,-89.21675,
2801525821,University of Houston System (US),United States,29.76328,-95.36327,
2801539370,Harris Health System (US),United States,29.76328,-95.36327,
2801558778,LabCorp (United States) (US),United States,36.09569,-79.4378,
2801572250,Jacksonville College (US),United States,31.96378,-95.2705,
2801613365,Mitchell Institute (US),United States,43.65737,-70.2589,
2801621085,Society of Critical Care Medicine (US),United States,42.06642,-87.93729,
2801649442,State University System of Florida (US),United States,30.43826,-84.28073,
2801671727,VA Boston Healthcare System (US),United States,42.35843,-71.05977,
2801818860,Office of Nuclear Energy (US),United States,38.89511,-77.03637,
2801851002,Harvard University Press (US),United States,42.3751,-71.10561,
2801852214,University of Washington Medical Center (US),United States,47.60621,-122.33207,
2801919071,University of Illinois System (US),United States,40.11059,-88.20727,
2801935854,SLAC National Accelerator Laboratory (US),United States,37.45383,-122.18219,
2801983979,Denver Health Medical Center (US),United States,39.73915,-104.9847,
2802090120,University of North Texas System (US),United States,32.78306,-96.80667,
2802090665,University of Alaska System (US),United States,64.83778,-147.71638,
2802096936,University System of Ohio (US),United States,39.96118,-82.99879,
2802101240,Carolinas Medical Center (US),United States,35.22709,-80.84313,
2802152183,Novant Health (US),United States,36.09986,-80.24422,
2802203029,Johnson University (US),United States,35.96064,-83.92074,
2802216851,University of Iowa Hospitals and Clinics (US),United States,41.66113,-91.53017,
2802236040,University of Colorado System (US),United States,40.01499,-105.27055,
2802326326,The University of Texas Rio Grande Valley (US),United States,26.30174,-98.16334,R2
2802336062,Harborview Medical Center (US),United States,47.60621,-122.33207,
2802366037,Baylor University Medical Center (US),United States,32.78306,-96.80667,
2802397601,University of Maine System (US),United States,44.79884,-68.77265,
2802412784,Banner Health (US),United States,33.44838,-112.07404,
2802423016,WinnMed (US),United States,43.30331,-91.78571,
2802446248,American Dental Education Association (US),United States,38.89511,-77.03637,
2802450327,University of Nebraska System (US),United States,40.8,-96.66696,
2802534011,MedStar Georgetown University Hospital (US),United States,38.89511,-77.03637,
2802576979,Indianapolis Zoo (US),United States,39.76838,-86.15804,
2802581893,United States Army Medical Research and Development Command (US),United States,39.41427,-77.41054,
2802612298,The Wallace H. Coulter Department of Biomedical Engineering (US),United States,33.749,-84.38798,
2802705668,United States Army Combat Capabilities Development Command (US),United States,39.46686,-76.13066,
2802706902,Knoxville College (US),United States,35.96064,-83.92074,
2802730090,Yale Cancer Center (US),United States,41.30815,-72.92816,
2802789608,Ames National Laboratory (US),United States,42.03471,-93.61994,
2802821144,Center for Environmental Health (US),United States,37.80437,-122.2708,
2802827176,Dignity Health (US),United States,37.77493,-122.41942,
2802841742,University of Massachusetts System (US),United States,42.35843,-71.05977,
2802841970,The Ohio State University Wexner Medical Center (US),United States,39.96118,-82.99879,
2802849423,University Medical Center (US),United States,33.57786,-101.85517,
2802864460,Jackson Memorial Hospital (US),United States,25.77427,-80.19366,
2802946424,Johns Hopkins University Applied Physics Laboratory (US),United States,39.139,-76.87053,
2802948906,Health Net (US),United States,34.16834,-118.60592,
2802964274,Interface (United States) (US),United States,33.03929,-85.03133,
2802992173,NOAA Oceanic and Atmospheric Research (US),United States,38.99067,-77.02609,
2803018670,Providence Hospital (US),United States,30.69436,-88.04305,
2803028891,Hahnemann University Hospital (US),United States,39.95238,-75.16362,
2803043754,Henry Ford Hospital (US),United States,42.33143,-83.04575,
2803209242,University of California System (US),United States,37.80437,-122.2708,
2887101046,University of South Carolina System (US),United States,34.00071,-81.03481,
2948394018,Northrop Grumman (United States) (US),United States,38.88233,-77.17109,
2948539688,AbbVie (United States) (US),United States,42.32558,-87.84118,
3019308854,Moffitt Cancer Center (US),United States,27.94752,-82.45843,
3019586173,National Jewish Health (US),United States,39.73915,-104.9847,
3130687028,United States Department of the Navy (US),United States,38.88101,-77.10428,
3132238960,Institute of Electrical and Electronics Engineers (US),United States,40.49927,-74.39904,
3132585960,Arizona's Public Universities (US),United States,33.44838,-112.07404,
3143470655,Institute for Health Metrics and Evaluation (US),United States,47.60621,-122.33207,
4210085935,IBM Research - Almaden (US),United States,37.33939,-121.89496,
4210086173,New Frontier (US),United States,39.47353,-118.77737,
4210086682,National University System (US),United States,32.84727,-117.2742,
4210086933,NYU Langone Health (US),United States,40.71427,-74.00597,
4210086971,VA Connecticut Healthcare System (US),United States,41.27065,-72.94705,
4210087384,Rady Children's Hospital-San Diego (US),United States,32.71571,-117.16472,
4210087413,University of Colorado Health (US),United States,39.72943,-104.83192,
4210087454,Augusta University Health (US),United States,33.47097,-81.97484,
4210087560,Stony Brook School (US),United States,40.92565,-73.14094,
4210087596,Qualcomm (United States) (US),United States,32.71571,-117.16472,
4210087865,University of Chicago Medical Center (US),United States,41.85003,-87.65005,
4210087915,Massachusetts General Hospital (US),United States,42.35843,-71.05977,
4210088045,Online Technologies (United States) (US),United States,34.76954,-92.26709,
4210088259,National Institute of Dental and Craniofacial Research (US),United States,38.98067,-77.10026,
4210088475,Texas Tech University System (US),United States,33.57786,-101.85517,
4210088488,Advocate Health Care (US),United States,41.80892,-88.01117,
4210088555,Abbott (United States) (US),United States,41.85003,-87.65005,
4210088741,Clinical Research Institute (US),United States,45.01052,-93.45551,
4210088792,United States Army (US),United States,38.88101,-77.10428,
4210088923,The Bronx Defenders (US),United States,40.84985,-73.86641,
4210089162,Northwestern Memorial Hospital (US),United States,41.85003,-87.65005,
4210089330,Cooper Medical School of Rowan University (US),United States,39.92595,-75.11962,
4210089431,National Cancer Center (US),United States,40.77649,-73.46735,
4210089486,Fred Hutch Cancer Center (US),United States,47.60621,-122.33207,
4210089489,Health Services Research & Development (US),United States,38.89511,-77.03637,
4210089612,United States Air Force (US),United States,38.88101,-77.10428,
4210089954,Jackson Health System (US),United States,25.77427,-80.19366,
4210090236,National Human Genome Research Institute (US),United States,38.98067,-77.10026,
4210090317,The Barbara Ann Karmanos Cancer Institute (US),United States,42.33143,-83.04575,
4210090529,Andover Eye Associates (US),United States,42.65843,-71.137,
4210090567,National Institute of Diabetes and Digestive and Kidney Diseases (US),United States,38.98067,-77.10026,
4210090807,Rothman Orthopaedics (US),United States,39.95238,-75.16362,
4210090916,Triangle (US),United States,42.4251,-71.06616,
4210091634,Atlas Scientific (United States) (US),United States,40.6501,-73.94958,
4210091794,Office of the Director (US),United States,38.98067,-77.10026,
4210091810,Medtronic (United States) (US),United States,44.97997,-93.26384,
4210091812,Bristol-Myers Squibb (United States) (US),United States,40.71427,-74.00597,
4210092882,Grady Health System (US),United States,33.749,-84.38798,
4210093233,Perspectives Charter School (US),United States,41.85003,-87.65005,
4210094059,Kavli Institute for Particle Astrophysics and Cosmology (US),United States,37.45383,-122.18219,
4210094360,Lehigh Valley Health Network (US),United States,40.60843,-75.49018,
4210094549,VA Puget Sound Health Care System (US),United States,47.60621,-122.33207,
4210094889,Agricultural Research Service - Pacific West Area (US),United States,37.88687,-122.29775,
4210094901,New York/New Jersey VA Health Care Network (US),United States,40.71427,-74.00597,
4210094981,Community Link (US),United States,38.58157,-121.4944,
4210095140,National Institute of Environmental Health Sciences (US),United States,35.99403,-78.89862,
4210095266,Mount Sinai Medical Center (US),United States,25.79065,-80.13005,
4210095624,Alibaba Group (United States) (US),United States,37.56299,-122.32553,
4210095851,VA New England Healthcare System (US),United States,42.49065,-71.27617,
4210096018,May Institute (US),United States,42.1626,-71.04116,
4210096275,Children's Hospital Colorado (US),United States,39.72943,-104.83192,
4210096498,Presbyterian Hospital (US),United States,35.08449,-106.65114,
4210096636,"University of California, Irvine Medical Center (US)",United States,33.78779,-117.85311,
4210096972,Los Angeles Medical Center (US),United States,34.05223,-118.24368,
4210097287,Engineering Associates (United States) (US),United States,34.07538,-84.29409,
4210097785,Baptist Health South Florida (US),United States,25.77427,-80.19366,
4210098814,UPMC Health System (US),United States,40.44062,-79.99589,
4210098931,Quantitative BioSciences (US),United States,32.99115,-117.27115,
4210099336,Menlo School (US),United States,37.46133,-122.19774,
4210099595,VA San Diego Healthcare System (US),United States,32.71571,-117.16472,
4210100211,E Ink (United States) (US),United States,42.55843,-71.26895,
4210100294,Center for Children (US),United States,38.52929,-76.97525,
4210100810,Sarah Cannon (US),United States,36.16589,-86.78444,
4210100841,University Health Care System (US),United States,33.47097,-81.97484,
4210101049,Lung Institute (US),United States,32.78306,-96.80667,
4210101190,Cancer Research And Biostatistics (US),United States,47.60621,-122.33207,
4210101327,Twin Cities Orthopedics (US),United States,44.88969,-93.34995,
4210101641,Mount Sinai Hospital (US),United States,41.85003,-87.65005,
4210101935,University of Miami Health System (US),United States,25.77427,-80.19366,
4210102044,Mount Sinai Hospital (US),United States,41.4995,-81.69541,
4210102099,VA Ann Arbor Healthcare System (US),United States,42.27756,-83.74088,
4210102181,Mallinckrodt (United States) (US),United States,38.77144,-90.37095,
4210102705,MaineHealth (US),United States,43.65737,-70.2589,
4210104314,New York Institute of Technology (US),United States,40.71427,-74.00597,D/PU
4210104735,Sandia National Laboratories (US),United States,35.08449,-106.65114,
4210104856,Phoenix (United States) (US),United States,43.06222,-89.33401,
4210104968,Arcadia (US),United States,38.80484,-77.04692,
4210105015,Stanford Health Care (US),United States,37.42411,-122.16608,
4210105273,Data Harbor (United States) (US),United States,41.85003,-87.65005,
4210105618,Alzheimer’s Disease Neuroimaging Initiative (US),United States,32.71571,-117.16472,
4210105714,Center for Human Genetics (US),United States,44.38758,-68.2039,
4210105766,Experimental Station (US),United States,41.85003,-87.65005,
4210106353,Donald & Barbara Zucker School of Medicine at Hofstra/Northwell (US),United States,40.70621,-73.61874,
4210106489,National Heart Lung and Blood Institute (US),United States,38.98067,-77.10026,
4210106595,Sidney Kimmel Cancer Center (US),United States,39.95238,-75.16362,
4210106879,Ohio University (US),United States,39.32924,-82.10126,R1
4210107338,Simons Foundation (US),United States,40.71427,-74.00597,
4210107408,New York Proton Center (US),United States,40.71427,-74.00597,
4210107917,Exact Sciences (United States) (US),United States,43.07305,-89.40123,
4210108049,Nemours Children's Health System (US),United States,30.33218,-81.65565,
4210108601,Moderna Therapeutics (United States) (US),United States,42.3751,-71.10561,
4210108700,Cleveland Clinic Florida (US),United States,26.10037,-80.39977,
4210108791,University Hospitals Case Medical Center (US),United States,41.4995,-81.69541,
4210108968,University Hospital and Clinics (US),United States,30.22409,-92.01984,
4210108985,Bellevue Hospital Center (US),United States,40.71427,-74.00597,
4210108991,IQVIA (United States) (US),United States,35.99403,-78.89862,
4210109259,Methodist Hospital (US),United States,38.58157,-121.4944,
4210109567,Office of Infectious Diseases (US),United States,33.749,-84.38798,
4210110459,City of Hope (US),United States,34.69804,-118.13674,
4210110509,Division of Chemistry (US),United States,38.88101,-77.10428,
4210110523,Geriatric Research Education and Clinical Center (US),United States,40.44062,-79.99589,
4210110664,University of California San Francisco Medical Center (US),United States,37.77493,-122.41942,
4210110767,National Institute of Neurological Disorders and Stroke (US),United States,38.98067,-77.10026,
4210110848,Baylor Medical Center at Garland (US),United States,32.91262,-96.63888,
4210110987,IIT@MIT (US),United States,42.3751,-71.10561,
4210111179,Michigan United (US),United States,42.29171,-85.58723,
4210111804,Sanofi (United States) (US),United States,40.60079,-74.64815,
4210111876,Einstein Healthcare Network (US),United States,39.95238,-75.16362,
4210111906,Palmetto Hematology Oncology (US),United States,34.94957,-81.93205,
4210111938,Institute for Neurodegenerative Disorders (US),United States,41.30815,-72.92816,
4210112371,Montefiore Health System (US),United States,40.84985,-73.86641,
4210112577,Directorate for Mathematical & Physical Sciences (US),United States,38.88101,-77.10428,
4210112672,VA MidSouth Healthcare Network (US),United States,36.16589,-86.78444,
4210113003,Physical Sciences (United States) (US),United States,42.65843,-71.137,
4210113540,VA Rocky Mountain Network (US),United States,39.73915,-104.9847,
4210114115,IBM Research - Thomas J. Watson Research Center (US),United States,41.27093,-73.77763,
4210114143,GlaxoSmithKline (United States) (US),United States,39.95238,-75.16362,
4210114444,Meta (United States) (US),United States,37.45383,-122.18219,
4210114445,Michigan Medicine (US),United States,42.27756,-83.74088,
4210114575,Jefferson University Hospitals (US),United States,39.93484,-75.03073,
4210114836,Fermi Research Alliance (US),United States,41.85003,-88.31257,
4210115145,"University of Minnesota, Duluth (US)",United States,46.78327,-92.10658,D/PU
4210115238,Zimmer Biomet (United States) (US),United States,41.2381,-85.85305,
4210115256,Jackson Laboratory (US),United States,44.38758,-68.2039,
4210115614,Boston VA Research Institute (US),United States,42.35843,-71.05977,
4210115976,VA Great Lakes Health Care System (US),United States,41.85059,-87.882,
4210116243,Collaborative Group (United States) (US),United States,42.5467,-83.21132,
4210117083,Temple University Hospital (US),United States,39.95238,-75.16362,
4210117453,Dana-Farber Cancer Institute (US),United States,42.35843,-71.05977,
4210117499,Yale New Haven Health System (US),United States,41.30815,-72.92816,
4210117619,Novartis (United States) (US),United States,40.71427,-74.00597,
4210117924,VA Midwest Health Care Network (US),United States,44.97997,-93.26384,
4210118014,Chevron (United States) (US),United States,37.77993,-121.97802,
4210118434,Virginia Mason Franciscan Health (US),United States,47.17176,-122.51846,
4210119004,VA Sunshine Healthcare Network (US),United States,27.77086,-82.67927,
4210119046,Zero to Three (US),United States,38.89511,-77.03637,
4210119109,Indiana University Bloomington (US),United States,39.16533,-86.52639,R1
4210119589,Durham VA Health Care System (US),United States,35.99403,-78.89862,
4210120050,Triad National Security (United States) (US),United States,35.88808,-106.30697,
4210120076,University Gastroenterology (US),United States,41.82399,-71.41283,
4210120349,University of Minnesota Rochester (US),United States,44.02163,-92.4699,
4210120668,Creative Commons (US),United States,37.38605,-122.08385,
4210120900,Stanford Synchrotron Radiation Lightsource (US),United States,37.45383,-122.18219,
4210121272,Anna Needs Neuroblastoma Answers (US),United States,39.95087,-86.26194,
4210121439,National Center for Emerging and Zoonotic Infectious Diseases (US),United States,33.749,-84.38798,
4210121787,Corteva (United States) (US),United States,39.74595,-75.54659,
4210121988,Film Independent (US),United States,34.05223,-118.24368,
4210122704,Agricultural Research Service - Southeast Area (US),United States,33.40898,-91.05978,
4210122924,Temple University Health System (US),United States,39.95238,-75.16362,
4210122954,MIT Lincoln Laboratory (US),United States,42.44732,-71.2245,
4210123017,Framingham Heart Study (US),United States,42.27926,-71.41617,
4210124136,Prevention Group (US),United States,41.25626,-95.94043,
4210124153,Phoenix Children's Hospital (US),United States,33.44838,-112.07404,
4210124175,Center for Astrophysics Harvard & Smithsonian (US),United States,42.3751,-71.10561,
4210124598,Palo Alto Institute (US),United States,37.56299,-122.32553,
4210124779,National Aeronautics and Space Administration (US),United States,38.89511,-77.03637,
4210125099,Mayo Clinic in Arizona (US),United States,33.50921,-111.89903,
4210125474,VA Sierra Pacific Network (US),United States,38.10409,-122.25664,
4210126032,Montana State University System (US),United States,45.67965,-111.03856,
4210126298,Duke Medical Center (US),United States,35.99403,-78.89862,
4210126592,National Clinical Research (US),United States,37.55376,-77.46026,
4210127055,Athinoula A. Martinos Center for Biomedical Imaging (US),United States,42.35843,-71.05977,
4210127358,AID Atlanta (US),United States,33.749,-84.38798,
4210127473,Cancer Research Center (US),United States,38.95171,-92.33407,
4210127612,"VA Healthcare System Serving Ohio, Indiana and Michigan (US)",United States,42.27756,-83.74088,
4210127693,Penn Center for AIDS Research (US),United States,39.95238,-75.16362,
4210127875,Nvidia (United States) (US),United States,37.35411,-121.95524,
4210127938,Mayo Clinic Hospital (US),United States,33.44838,-112.07404,
4210128526,UPMC Hillman Cancer Center (US),United States,40.44062,-79.99589,
4210128618,University of Kansas Medical Center (US),United States,39.11417,-94.62746,
4210128757,"Beaumont Hospital, Royal Oak (US)",United States,42.48948,-83.14465,
4210128969,Alphabet (United States) (US),United States,37.38605,-122.08385,
4210129097,Center for Global Health (US),United States,33.749,-84.38798,
4210130600,Children's Hospital of Pittsburgh (US),United States,40.44062,-79.99589,
4210130649,Frederick National Laboratory for Cancer Research (US),United States,39.41427,-77.41054,
4210131007,John Wiley & Sons (United States) (US),United States,40.74399,-74.03236,
4210131075,VA Southeast Network (US),United States,34.00288,-84.14464,
4210131357,Colorado State University System (US),United States,39.73915,-104.9847,
4210131712,Oklahoma State University Oklahoma City (US),United States,35.46756,-97.51643,
4210132596,University of Wisconsin Health (US),United States,43.07305,-89.40123,
4210132746,Connecticut State Colleges and Universities (US),United States,41.76371,-72.68509,
4210133143,Dow Chemical (United States) (US),United States,43.61558,-84.24721,
4210133905,VA Pittsburgh Healthcare System (US),United States,40.44062,-79.99589,
4210134091,Yahoo (United States) (US),United States,37.36883,-122.03635,
4210134534,National Institute of Allergy and Infectious Diseases (US),United States,38.98067,-77.10026,
4210134769,University of Pittsburgh Medical Center (US),United States,40.44062,-79.99589,
4210135078,Washington University Medical Center (US),United States,38.62727,-90.19789,
4210135252,University of Minnesota Medical Center (US),United States,44.97997,-93.26384,
4210135903,UCSF Benioff Children's Hospital (US),United States,37.80437,-122.2708,
4210136305,Institute on Aging (US),United States,37.77493,-122.41942,
4210136897,National Institute on Aging (US),United States,39.29038,-76.61219,
4210137306,Stanford Medicine (US),United States,37.42411,-122.16608,
4210137549,Halliburton (United States) (US),United States,29.76328,-95.36327,
4210137555,Regional Medical Center (US),United States,33.49182,-80.85565,
4210137750,UC Irvine Health (US),United States,33.78779,-117.85311,
4210137803,Biomedical Research Institute (US),United States,39.084,-77.15276,
4210138024,VA Northwest Network (US),United States,45.63873,-122.66149,
4210138094,Agricultural Research Service - Northeast Area (US),United States,39.03483,-76.90747,
4210138309,Center for Innovation (US),United States,38.89511,-77.03637,
4210138311,Lawrence Livermore National Security (US),United States,37.68187,-121.76801,
4210138500,Massachusetts Eye Research and Surgery Institute (US),United States,42.3751,-71.10561,
4210138636,South Central VA Health Care Network (US),United States,32.42848,-90.13231,
4210138663,VA Desert Pacific Healthcare Network (US),United States,33.76696,-118.18923,
4210140114,Scripps (United States) (US),United States,39.12711,-84.51439,
4210140176,Takeda (United States) (US),United States,42.17114,-87.84451,
4210140341,Allen Institute (US),United States,47.60621,-122.33207,
4210140405,Society of Surgical Oncology (US),United States,41.99531,-87.88451,
4210140816,Gilead Sciences (United States) (US),United States,37.55855,-122.27108,
4210140884,National Cancer Institute (US),United States,38.98067,-77.10026,
4210140958,Ann Arbor Center for Independent Living (US),United States,42.27756,-83.74088,
4210141039,Mississippi Institutions of Higher Learning (US),United States,32.29876,-90.18481,
4210141337,Division of Atmospheric and Geospace Sciences (US),United States,38.88101,-77.10428,
4210141674,Cedars-Sinai Smidt Heart Institute (US),United States,34.05223,-118.24368,
4210142152,ORCID (US),United States,38.98067,-77.10026,
4210142217,Washington Center (US),United States,38.89511,-77.03637,
4210142393,Abbott Fund (US),United States,41.85003,-87.65005,
4210142480,Thermo Fisher Scientific (United States) (US),United States,42.37649,-71.23561,
4210142672,Brookhaven Science Associates (US),United States,40.92565,-73.14094,
4210143137,University of Louisville Hospital (US),United States,38.25424,-85.75941,
4210143381,San Francisco VA Health Care System (US),United States,37.77493,-122.41942,
4210143392,University of Pennsylvania Health System (US),United States,39.95238,-75.16362,
4210144023,VA Heart of Texas Health Care Network (US),United States,32.73569,-97.10807,
4210144228,Eunice Kennedy Shriver National Institute of Child Health and Human Development (US),United States,38.98067,-77.10026,
4210144267,Shriners Hospitals for Children (US),United States,27.94752,-82.45843,
4210144560,Candid (US),United States,40.71427,-74.00597,
4210144876,Duke University Health System (US),United States,35.99403,-78.89862,
4210145274,Agricultural Research Service - Plains Area (US),United States,40.58526,-105.08442,
4210145812,Cancer Genetics (United States) (US),United States,40.82649,-74.10681,
4210146328,Scripps Clinic (US),United States,32.84727,-117.2742,
4210146389,Presbyterian St. Luke's Medical Center (US),United States,39.73915,-104.9847,
4210146710,Mayo Clinic in Florida (US),United States,30.33218,-81.65565,
4210146983,Children's Healthcare of Atlanta (US),United States,33.749,-84.38798,
4210147155,Pediatrics and Genetics (US),United States,34.07538,-84.29409,
4210147340,VA Healthcare-VISN 4 (US),United States,40.44062,-79.99589,
4210147348,Northwestern Medicine (US),United States,41.85003,-87.65005,
4210147586,Texas Children's Hospital (US),United States,29.76328,-95.36327,
4210147799,Millennium Engineering and Integration (United States) (US),United States,38.88101,-77.10428,
4210148048,Rothman Institute (US),United States,39.95238,-75.16362,
4210148268,University of Utah Health Care (US),United States,40.76078,-111.89105,
4210148589,Hackensack Meridian Health (US),United States,40.51872,-74.4121,
4210148682,National Center for Advancing Translational Sciences (US),United States,39.084,-77.15276,
4210149382,Johnson Space Center (US),United States,29.76328,-95.36327,
4210149717,Center for Cancer Research (US),United States,38.98067,-77.10026,
4210149743,Sinai Health System (US),United States,41.85003,-87.65005,
4210150094,Ludwig Cancer Research (US),United States,40.71427,-74.00597,
4210150208,Molecular Oncology (United States) (US),United States,39.14344,-77.20137,
4210150362,Children's Cancer Center (US),United States,27.94752,-82.45843,
4210150714,Johns Hopkins Hospital (US),United States,39.29038,-76.61219,
4210150756,AstraZeneca (United States) (US),United States,39.74595,-75.54659,
4210150878,Radiance Technologies (United States) (US),United States,34.7304,-86.58594,
4210150894,Jacobs (United States) (US),United States,32.78306,-96.80667,
4210150980,Boston Children's Museum (US),United States,42.35843,-71.05977,
4210151215,Auburn University System (US),United States,32.60986,-85.48078,
4210151386,Janssen (United States) (US),United States,40.38927,-74.76183,
4210151747,Lifespan (US),United States,41.82399,-71.41283,
4210152133,Florida Certification Board (US),United States,30.43826,-84.28073,
4210153043,Duke University Hospital (US),United States,35.99403,-78.89862,
4210153153,Creative Research Enterprises (United States) (US),United States,37.66243,-121.87468,
4210153546,Flatiron Health (United States) (US),United States,40.71427,-74.00597,
4210153792,University School (US),United States,41.4995,-81.69541,
4210154437,United States Army Futures Command (US),United States,30.26715,-97.74306,
4210154632,Agricultural Research Service - Midwest Area (US),United States,40.69365,-89.58899,
4210155419,Center for Systems Biology (US),United States,42.35843,-71.05977,
4210155647,National Institutes of Health Clinical Center (US),United States,38.98067,-77.10026,
4210156829,Research Network (United States) (US),United States,34.02343,-84.61549,
4210156876,VA Greater Los Angeles Healthcare System (US),United States,34.05223,-118.24368,
4210157065,Sylvester Comprehensive Cancer Center (US),United States,25.77427,-80.19366,
4210157085,Cooper University Health Care (US),United States,39.92595,-75.11962,
4210157264,MetroHealth Medical Center (US),United States,41.4995,-81.69541,
4210157321,Center for Discovery (US),United States,33.80307,-118.07256,
4210157557,Iowa City Public Library (US),United States,41.66113,-91.53017,
4210157861,Harvard Stem Cell Institute (US),United States,42.3751,-71.10561,
4210157890,Neurological Surgery (US),United States,40.65871,-73.64124,
4210158053,University of North Carolina System (US),United States,35.7721,-78.63861,
4210158188,Japan Society (US),United States,40.71427,-74.00597,
4210158500,National Institute of Mental Health (US),United States,38.98067,-77.10026,
4210159288,Mylan (United States) (US),United States,40.26257,-80.18728,
4210159294,UT-Battelle (US),United States,36.01036,-84.26964,
4210159453,Center for Rheumatology (US),United States,42.65258,-73.75623,
4210159720,VA Mid-Atlantic Health Care Network (US),United States,35.99403,-78.89862,
4210160255,Boehringer Ingelheim (United States) (US),United States,41.28148,-73.49818,
4210160401,National Center for Infectious Diseases (US),United States,33.749,-84.38798,
4210160418,Baylor Scott & White Health (US),United States,32.78306,-96.80667,
4210160527,University of California Davis Medical Center (US),United States,38.58157,-121.4944,
4210160641,Alamo Colleges (US),United States,29.42412,-98.49363,
4210160694,Memorial Hospital (US),United States,39.9626,-76.72774,
4210160856,UC Davis Health System (US),United States,38.58157,-121.4944,
4210160970,Access to Wholistic and Productive Living Institute (US),United States,38.93317,-76.94581,
4210161994,Dana-Farber Brigham Cancer Center (US),United States,42.35843,-71.05977,
4210162197,Vanderbilt Health (US),United States,36.16589,-86.78444,
4210162359,International Neuromodulation Society (US),United States,37.77493,-122.41942,
4210163017,Texas Health Resources Foundation (US),United States,32.73569,-97.10807,
4210163141,Yes Technologies (United States) (US),United States,20.02323,-155.67288,
4210164053,LifeBridge Health (US),United States,39.29038,-76.61219,
4210164117,Walker (United States) (US),United States,45.29984,-122.77371,
4210164401,Sidney Kimmel Comprehensive Cancer Center (US),United States,39.29038,-76.61219,
4210164563,"Neurology, Inc (US)",United States,38.95171,-92.33407,
4210165183,Pulmonary and Critical Care Associates (US),United States,30.33218,-81.65565,
4210165192,Smilow Cancer Hospital (US),United States,41.30815,-72.92816,
4210165260,Mercy Health (US),United States,39.12711,-84.51439,
4210165985,Harbor–UCLA Medical Center (US),United States,33.83585,-118.34063,
4210166271,"Center for Surveillance, Epidemiology, and Laboratory Services (US)",United States,33.749,-84.38798,
4210166946,Imaging Center (US),United States,41.1306,-85.12886,
4210167126,UCSF Helen Diller Family Comprehensive Cancer Center (US),United States,37.77493,-122.41942,
4210167218,Georgia Regents Medical Center (US),United States,33.47097,-81.97484,
4387153466,Weill Cornell Medicine (US),United States,40.71427,-74.00597,R1
